,0,1,2
0,1458.597966,1500.370841,1416.10046
1,1443.97746,1489.373492,1480.592663
2,1431.488223,1531.146367,1530.421736
3,1429.314328,1546.53413,1561.921893
4,1446.875986,1569.253459,1605.868663
5,1433.704743,1583.149334,1648.366169
6,1409.536151,1563.371156,1655.697735
7,1434.429374,1588.26438,1715.032267
8,1436.645894,1610.259077,1711.366485
9,1423.432025,1625.64684,1745.807794
10,1373.645578,1630.761886,1745.807794
11,1397.089539,1679.866327,1732.593925
12,1389.757973,1657.146998,1749.473577
13,1358.982447,1689.371787,1780.973734
14,1324.541138,1703.310287,1744.315905
15,1356.765927,1715.756899,1766.310603
16,1311.369895,1727.478879,1744.315905
17,1325.265769,1734.085813,1736.984339
18,1325.265769,1734.810445,1747.981688
19,1284.260151,1741.374754,1719.422682
20,1312.094526,1745.807794,1721.596576
21,1262.265454,1773.642168,1697.427984
22,1288.650566,1791.203826,1695.978721
23,1276.203954,1761.195557,1667.419715
24,1255.701145,1750.92284,1624.922209
25,1247.602322,1747.981688,1631.486518
26,1238.821493,1777.307951,1627.096103
27,1277.653217,1741.374754,1573.643873
28,1255.701145,1739.925491,1563.371156
29,1243.979165,1732.593925,1568.486202
30,1267.3805,1670.318241,1548.708025
31,1264.481974,1650.540064,1512.817453
32,1251.268105,1653.481215,1526.031321
33,1288.650566,1630.037255,1476.92688
34,1250.543474,1569.978091,1487.199598
35,1294.490243,1528.929847,1485.707709
36,1268.872388,1520.87365,1454.932183
37,1305.487592,1450.541769,1429.314328
38,1289.375197,1414.651196,1448.367874
39,1319.426092,1393.423756,1424.199282
40,1329.656184,1315.760309,1411.710045
41,1300.372546,1280.594368,1445.426723
42,1342.870052,1254.933888,1441.036308
43,1308.428743,1205.872073,1422.707394
44,1325.265769,1155.318369,1411.710045
45,1344.319315,1093.042685,1424.199282
46,1356.041295,1084.261856,1431.488223
47,1376.544104,1023.435435,1416.10046
48,1338.479638,1016.10387,1423.432025
49,1386.816822,999.2668434,1453.48292
50,1353.867401,975.0982515,1425.648545
51,1380.934519,953.8281856,1415.375828
52,1401.479953,918.662245,1411.710045
53,1403.653848,884.2635613,1411.710045
54,1408.811519,893.7690216,1438.819788
55,1397.81417,905.4910018,1420.533499
56,1387.541453,862.2688639,1390.482605
57,1381.701776,890.8278702,1402.929216
58,1389.757973,871.8169496,1408.044262
59,1412.477302,887.9293442,1394.873019
60,1427.097808,901.1005874,1371.429059
61,1421.258131,874.7154756,1359.707078
62,1445.426723,892.3197586,1344.319315
63,1438.095157,912.0979361,1281.319
64,1450.541769,962.6516398,1284.984783
65,1452.033657,986.0956002,1282.043631
66,1433.704743,966.3174227,1238.821493
67,1417.592348,1033.708153,1207.321336
68,1455.69944,1043.213613,1230.040665
69,1428.589697,1058.601376,1172.880027
70,1432.980111,1093.767317,1198.540507
71,1451.2664,1115.762014,1179.486961
72,1425.648545,1142.147126,1140.655237
73,1398.538802,1145.770283,1117.935908
74,1434.429374,1148.711435,1115.037382
75,1409.536151,1150.927955,1132.59904
76,1386.09219,1177.270441,1123.09358
77,1356.041295,1153.869106,1111.3716
78,1338.479638,1195.599356,1103.315402
79,1350.92625,1185.369264,1103.315402
80,1311.369895,1178.762329,1095.259205
81,1295.2575,1175.096546,1085.711119
82,1304.76296,1156.767632,1089.376902
83,1304.038329,1150.927955,1089.376902
84,1289.375197,1131.149777,1104.040034
85,1251.268105,1113.545494,1106.981185
86,1240.313382,1054.210962,1099.649619
87,1231.489928,1064.483679,1126.759363
88,1261.540822,1068.149462,1175.821178
89,1252.759994,1016.10387,1179.486961
90,1245.428428,1030.767001,1203.655553
91,1235.155711,992.6599091,1211.71175
92,1227.824145,1010.988824,1214.652902
93,1230.040665,1001.483363,1278.377848
94,1205.872073,976.5475145,1300.372546
95,1183.152744,983.8790803,1325.265769
96,1191.208941,953.1035541,1322.367243
97,1192.658204,995.6010605,1384.600302
98,1186.818527,986.0956002,1386.816822
99,1191.208941,977.272146,1394.873019
100,1179.486961,967.7666857,1430.763591
101,1163.374566,1000.716106,1449.092506
102,1174.371915,1003.657258,1479.868032
103,1142.147126,988.2694947,1452.033657
104,1145.770283,1026.376587,1493.763907
105,1167.040349,1016.871126,1462.263749
106,1136.989454,1055.660225,1490.865381
107,1147.262172,1079.104185,1462.98838
108,1131.149777,1102.548145,1462.263749
109,1155.318369,1117.211277,1478.376143
110,1171.430764,1123.09358,1460.814486
111,1175.096546,1124.542843,1444.702091
112,1174.371915,1138.481343,1477.651512
113,1186.093895,1177.270441,1471.811835
114,1190.48431,1199.265138,1444.702091
115,1209.537856,1191.208941,1460.089854
116,1210.987119,1213.92827,1461.539117
117,1246.153059,1241.762645,1442.485571
118,1255.701145,1247.602322,1421.982762
119,1278.377848,1249.094211,1427.097808
120,1300.372546,1254.209257,1476.92688
121,1362.64823,1287.201303,1461.539117
122,1405.145736,1295.2575,1461.539117
123,1462.98838,1259.324302,1506.210518
124,1485.707709,1271.046283,1508.427038
125,1512.092821,1282.043631,1527.480584
126,1564.820419,1294.490243,1577.309656
127,1626.371472,1295.982131,1594.871314
128,1682.807478,1280.594368,1661.537412
129,1698.919873,1246.153059,1686.430636
130,1723.088465,1273.987434,1712.815748
131,1764.818714,1243.979165,1728.203511
132,1797.81076,1243.211908,1768.484497
133,1790.479195,1221.984467,1813.923155
134,1832.252069,1197.815875,1846.147944
135,1823.428615,1225.65025,1854.928773
136,1813.923155,1196.323987,1879.13999
137,1795.59424,1210.262487,1906.974365
138,1799.260023,1158.984152,1902.583951
139,1765.585971,1171.430764,1911.364779
140,1767.759866,1193.425461,1916.479825
141,1718.69805,1150.927955,1908.423628
142,1690.863676,1189.759678,1898.918168
143,1671.810129,1158.984152,1915.030562
144,1636.644189,1193.425461,1881.313885
145,1630.037255,1174.371915,1885.704299
146,1556.03959,1218.318684,1844.698681
147,1534.81215,1213.203639,1811.706635
148,1520.87365,1235.155711,1813.923155
149,1451.2664,1235.155711,1797.81076
150,1462.263749,1241.038013,1769.976386
151,1421.982762,1268.872388,1728.203511
152,1406.594999,1285.709414,1720.871945
153,1345.043947,1296.706763,1662.986675
154,1350.92625,1349.434361,1639.542715
155,1301.097177,1344.319315,1615.374123
156,1318.70146,1353.867401,1617.590643
157,1272.538171,1402.929216,1571.427354
158,1288.650566,1382.426407,1581.700071
159,1301.821809,1440.311677,1547.258762
160,1263.757342,1420.533499,1531.146367
161,1306.97948,1449.092506,1527.480584
162,1307.704112,1495.255795,1507.702407
163,1295.2575,1495.255795,1543.592979
164,1349.434361,1496.705058,1521.598281
165,1341.378164,1506.210518,1517.932498
166,1352.375513,1541.376459,1501.820104
167,1387.541453,1532.59563,1534.81215
168,1441.76094,1530.421736,1548.708025
169,1421.982762,1563.371156,1541.376459
170,1479.1434,1552.373808,1534.087518
171,1494.488538,1558.25611,1554.590327
172,1485.707709,1569.253459,1586.090485
173,1512.092821,1547.983393,1578.758919
174,1542.868347,1542.868347,1599.261728
175,1536.986044,1571.427354,1636.644189
176,1534.81215,1518.699755,1624.197577
177,1551.649176,1523.09017,1617.590643
178,1585.365854,1495.980426,1630.761886
179,1556.03959,1474.710361,1642.483866
180,1539.927196,1484.258446,1660.812781
181,1553.865696,1441.76094,1657.146998
182,1573.643873,1413.201933,1656.422366
183,1529.654479,1389.033342,1671.810129
184,1553.865696,1349.434361,1662.986675
185,1519.424387,1268.872388,1655.697735
186,1536.261413,1227.099513,1657.146998
187,1495.255795,1186.818527,1621.981057
188,1473.985729,1118.703165,1597.087834
189,1457.873334,1102.548145,1557.531479
190,1443.210203,1021.261541,1560.430005
191,1435.921262,1017.595758,1517.207867
192,1429.314328,979.4886659,1504.761255
193,1410.260782,928.2103307,1471.811835
194,1403.653848,912.8225676,1435.154006
195,1408.044262,876.9319955,1374.37021
196,1419.766242,851.9961467,1317.209572
197,1389.033342,831.4933377,1314.268421
198,1383.87567,804.3835943,1279.10248
199,1383.151039,805.1508512,1232.981816
200,1383.87567,797.8192854,1196.323987
201,1367.038644,790.4877196,1174.371915
202,1349.434361,797.0520285,1104.764665
203,1369.212539,803.6589628,1064.483679
204,1333.321967,819.7713574,1059.326007
205,1365.589381,808.0493772,1009.539561
206,1353.867401,861.5442324,964.8255343
207,1315.760309,873.9908441,974.37362
208,1334.089223,930.3842252,928.2103307
209,1347.260467,963.3762713,951.6542911
210,1320.875355,981.7051858,902.5498504
211,1323.091875,1024.927324,945.7719883
212,1341.378164,1058.601376,915.763719
213,1298.923283,1075.481027,972.1571001
214,1315.035677,1118.703165,958.2612254
215,1308.428743,1176.545809,985.3709687
216,1290.099829,1234.431079,1057.152113
217,1317.209572,1295.2575,1076.93029
218,1279.869737,1329.656184,1103.315402
219,1309.153375,1367.763276,1126.759363
220,1277.653217,1398.538802,1183.152744
221,1295.2575,1460.089854,1208.813224
222,1304.76296,1511.36819,1227.824145
223,1293.04098,1591.205531,1243.979165
224,1263.757342,1636.644189,1260.816191
225,1299.647914,1712.091116,1249.094211
226,1268.872388,1761.195557,1238.096862
227,1250.543474,1819.762832,1237.37223
228,1259.324302,1876.92347,1227.824145
229,1285.709414,1895.252385,1198.540507
230,1273.987434,1937.749891,1198.540507
231,1241.762645,1983.870555,1177.270441
232,1273.987434,2002.924101,1138.481343
233,1252.035362,2027.092693,1094.491948
234,1224.158362,2024.194167,1014.654607
235,1263.757342,2021.253016,972.8817316
236,1235.880342,2010.980299,931.8761136
237,1214.652902,2003.648733,834.434489
238,1235.880342,1960.426595,807.3247457
239,1243.211908,1922.362128,761.8860879
240,1230.040665,1899.642799,691.5968321
241,1225.65025,1854.928773,690.1049437
242,1209.537856,1796.361497,630.7704112
243,1210.262487,1693.762202,649.0993257
244,1205.147441,1661.537412,635.8854571
245,1194.874724,1587.539748,642.4923914
246,1198.540507,1478.376143,651.9978517
247,1194.874724,1394.148387,638.8266085
248,1186.818527,1336.263118,660.054049
249,1191.933573,1297.431394,732.6024501
250,1169.214244,1219.767947,775.0999565
251,1175.821178,1178.037698,826.3782917
252,1184.602007,1123.09358,849.8222522
253,1180.936224,1059.326007,912.0979361
254,1185.369264,1009.539561,995.6010605
255,1185.369264,1018.320389,1043.213613
256,1191.933573,969.2159487,1120.87706
257,1173.647283,966.3174227,1203.655553
258,1155.318369,958.2612254,1258.599671
259,1162.649935,939.9323109,1356.765927
260,1203.655553,979.4886659,1431.488223
261,1175.821178,977.272146,1462.98838
262,1185.369264,971.4324686,1554.590327
263,1196.323987,1027.82585,1605.868663
264,1208.813224,1062.267159,1651.264695
265,1205.147441,1090.101534,1686.430636
266,1204.380184,1121.601691,1708.425333
267,1211.71175,1153.101849,1751.647471
268,1208.045967,1177.270441,1800.751912
269,1245.428428,1194.874724,1807.316221
270,1244.703796,1224.925619,1830.03555
271,1249.094211,1263.757342,1821.979352
272,1270.321651,1316.48494,1844.698681
273,1315.760309,1358.257815,1845.423313
274,1335.538486,1392.656499,1844.698681
275,1356.041295,1415.375828,1867.41801
276,1379.485256,1428.589697,1824.920504
277,1392.656499,1473.985729,1812.473892
278,1409.536151,1475.477617,1798.535392
279,1430.763591,1520.87365,1785.364149
280,1465.929532,1564.095788,1774.3668
281,1534.087518,1569.253459,1761.920188
282,1545.809499,1604.4194,1753.863991
283,1606.593294,1627.096103,1712.815748
284,1654.205846,1668.144347,1694.529458
285,1692.312939,1709.874596,1678.374438
286,1754.588622,1697.427984,1666.652458
287,1810.257372,1730.420031,1654.205846
288,1854.204141,1753.863991,1624.197577
289,1914.305931,1797.086129,1586.090485
290,1986.811707,1799.260023,1580.975439
291,2027.092693,1796.361497,1598.537097
292,2060.809371,1816.139675,1545.042242
293,2113.536969,1816.139675,1553.865696
294,2169.248344,1824.920504,1566.312308
295,2202.197765,1819.038201,1547.983393
296,2221.975942,1835.150595,1520.149018
297,2238.812968,1837.367115,1527.480584
298,2231.524028,1851.305615,1488.648861
299,2253.4761,1837.367115,1502.587361
300,2231.524028,1808.040852,1495.255795
301,2205.863548,1807.316221,1456.424071
302,2200.02387,1814.647786,1487.924229
303,2160.42489,1809.532741,1458.597966
304,2106.248029,1787.538043,1444.702091
305,2050.536654,1776.540694,1421.258131
306,2018.311864,1758.254405,1415.375828
307,1931.142957,1752.372103,1422.707394
308,1855.69603,1700.369136,1416.867716
309,1801.476543,1682.040221,1358.257815
310,1712.091116,1687.922524,1369.979796
311,1633.703037,1657.146998,1337.712381
312,1575.817768,1615.374123,1290.82446
313,1489.373492,1602.20288,1294.490243
314,1421.258131,1583.149334,1238.821493
315,1386.816822,1575.093136,1230.765296
316,1293.765612,1534.81215,1180.936224
317,1250.543474,1524.539433,1154.593737
318,1188.26779,1519.424387,1139.205974
319,1161.925303,1520.149018,1106.213928
320,1114.270126,1458.597966,1038.098567
321,1123.09358,1484.258446,1050.545179
322,1077.654922,1424.923914,1021.986172
323,1071.815245,1454.932183,988.9941262
324,1085.711119,1401.479953,973.6489885
325,1071.815245,1387.541453,969.2159487
326,1067.382205,1366.314013,961.9270083
327,1109.879711,1351.650881,920.1541334
328,1109.879711,1350.92625,923.8199163
329,1110.604343,1346.535835,938.4830479
330,1136.264823,1346.535835,956.0447055
331,1170.706132,1312.819158,961.9270083
332,1157.492263,1282.768263,959.7104884
333,1190.48431,1295.982131,969.2159487
334,1214.652902,1235.155711,986.8202317
335,1238.821493,1254.209257,1003.657258
336,1239.546125,1215.377533,1008.772304
337,1247.602322,1224.925619,1009.539561
338,1260.091559,1186.818527,1059.326007
339,1252.759994,1166.315718,1065.20831
340,1298.156026,1161.158046,1125.992106
341,1264.481974,1158.25952,1156.043
342,1312.819158,1139.930606,1197.091244
343,1273.262803,1146.53754,1221.259836
344,1303.313697,1136.989454,1290.099829
345,1304.038329,1129.657889,1309.153375
346,1290.82446,1123.818211,1333.321967
347,1317.934203,1100.374251,1410.260782
348,1311.369895,1103.315402,1461.539117
349,1293.765612,1109.15508,1460.814486
350,1293.04098,1090.101534,1542.868347
351,1282.768263,1131.874409,1553.865696
352,1308.428743,1098.157731,1587.539748
353,1269.59702,1154.593737,1645.425018
354,1301.821809,1142.147126,1671.085498
355,1275.479322,1190.48431,1681.31559
356,1270.321651,1202.20629,1717.206162
357,1265.931237,1220.535204,1704.034919
358,1279.10248,1253.484625,1704.034919
359,1269.59702,1228.591402,1743.591274
360,1254.209257,1273.987434,1715.756899
361,1253.484625,1299.647914,1707.700702
362,1268.872388,1295.982131,1704.75955
363,1295.982131,1287.201303,1705.484182
364,1286.434046,1284.984783,1648.366169
365,1276.203954,1284.984783,1623.43032
366,1315.035677,1295.982131,1599.261728
367,1323.091875,1309.878006,1585.365854
368,1328.931552,1295.982131,1543.592979
369,1306.212223,1260.091559,1498.921578
370,1307.704112,1282.043631,1506.210518
371,1316.48494,1241.038013,1435.154006
372,1368.487907,1230.040665,1450.541769
373,1369.979796,1201.481658,1410.260782
374,1359.707078,1179.486961,1373.645578
375,1356.765927,1178.762329,1364.097493
376,1391.931868,1159.708783,1376.544104
377,1397.089539,1140.655237,1369.979796
378,1421.258131,1142.147126,1356.041295
379,1399.988065,1149.436066,1350.92625
380,1438.095157,1136.264823,1363.372861
381,1414.651196,1134.048303,1375.819473
382,1438.819788,1131.149777,1420.533499
383,1455.69944,1141.379869,1423.432025
384,1425.648545,1143.596389,1487.199598
385,1430.03896,1144.32102,1529.654479
386,1462.98838,1139.930606,1547.983393
387,1427.097808,1139.930606,1599.98636
388,1452.033657,1144.32102,1624.922209
389,1458.597966,1192.658204,1657.146998
390,1427.097808,1186.093895,1700.369136
391,1459.322597,1175.821178,1756.037885
392,1430.763591,1224.925619,1795.59424
393,1474.710361,1238.096862,1816.139675
394,1452.033657,1217.594053,1824.920504
395,1424.199282,1255.701145,1868.867273
396,1462.263749,1284.984783,1898.150911
397,1436.645894,1270.321651,1912.814043
398,1421.982762,1304.038329,1901.816694
399,1396.322282,1295.982131,1891.586602
400,1384.600302,1337.712381,1903.308582
401,1383.87567,1312.094526,1884.255036
402,1393.423756,1323.816506,1887.920819
403,1376.544104,1371.429059,1838.091747
404,1362.64823,1371.429059,1812.473892
405,1307.704112,1370.704427,1797.086129
406,1326.757658,1355.316664,1786.813412
407,1273.262803,1405.145736,1726.754248
408,1296.706763,1389.757973,1706.251439
409,1257.875039,1378.035993,1684.256741
410,1247.602322,1384.600302,1649.815432
411,1241.762645,1387.541453,1642.483866
412,1208.813224,1416.867716,1594.871314
413,1175.096546,1399.263433,1553.865696
414,1158.25952,1370.704427,1534.087518
415,1143.596389,1388.266085,1500.370841
416,1153.869106,1383.87567,1479.1434
417,1153.869106,1362.64823,1463.755637
418,1115.762014,1339.928901,1478.376143
419,1084.986488,1327.482289,1447.600617
420,1102.548145,1315.760309,1436.645894
421,1083.537225,1315.035677,1410.260782
422,1071.047988,1317.934203,1418.316979
423,1100.374251,1312.819158,1426.373177
424,1110.604343,1271.81354,1397.089539
425,1102.548145,1248.369579,1426.373177
426,1125.992106,1260.816191,1401.479953
427,1097.433099,1202.930921,1429.314328
428,1106.981185,1230.765296,1443.210203
429,1125.992106,1202.930921,1427.82244
430,1168.489612,1163.374566,1460.089854
431,1141.379869,1188.992421,1475.477617
432,1155.318369,1173.647283,1476.202249
433,1171.430764,1161.925303,1471.811835
434,1197.815875,1154.593737,1497.429689
435,1244.703796,1150.203323,1500.370841
436,1241.762645,1147.262172,1528.205216
437,1251.268105,1139.205974,1528.205216
438,1304.038329,1136.264823,1522.365538
439,1300.372546,1137.714086,1532.59563
440,1357.490558,1128.933257,1516.483235
441,1361.156341,1133.323672,1502.587361
442,1391.931868,1125.992106,1504.761255
443,1428.589697,1112.096231,1510.643558
444,1501.820104,1128.933257,1498.921578
445,1497.429689,1132.59904,1462.263749
446,1532.59563,1134.048303,1479.868032
447,1574.368505,1129.657889,1438.819788
448,1619.764537,1115.762014,1418.316979
449,1668.868978,1163.374566,1402.929216
450,1677.649807,1166.315718,1377.311361
451,1752.372103,1182.428112,1356.765927
452,1742.142011,1198.540507,1366.314013
453,1793.420346,1244.703796,1336.263118
454,1825.645135,1246.153059,1317.209572
455,1838.816378,1287.925934,1316.48494
456,1849.089096,1317.209572,1315.035677
457,1873.982319,1331.872704,1284.260151
458,1864.476859,1368.487907,1280.594368
459,1849.089096,1374.37021,1262.990085
460,1858.594556,1376.544104,1254.209257
461,1862.260339,1432.255479,1232.257185
462,1816.864306,1416.10046,1180.936224
463,1810.982004,1446.151354,1195.599356
464,1804.417695,1471.811835,1192.658204
465,1764.818714,1451.2664,1180.211592
466,1725.262359,1462.263749,1169.214244
467,1738.476228,1473.261098,1154.593737
468,1698.919873,1487.924229,1178.037698
469,1660.088149,1484.983078,1195.599356
470,1632.978406,1451.2664,1204.380184
471,1607.317926,1472.536466,1247.602322
472,1580.975439,1481.317295,1249.818842
473,1531.146367,1426.373177,1239.546125
474,1516.483235,1428.589697,1254.933888
475,1479.868032,1438.095157,1286.434046
476,1494.488538,1388.266085,1263.757342
477,1435.921262,1404.378479,1283.53552
478,1460.814486,1391.931868,1279.869737
479,1426.373177,1363.372861,1293.765612
480,1400.755322,1356.765927,1278.377848
481,1386.09219,1350.201618,1241.038013
482,1399.263433,1339.928901,1265.206605
483,1397.81417,1301.097177,1243.211908
484,1385.367559,1313.543789,1213.203639
485,1383.151039,1301.097177,1183.152744
486,1371.429059,1244.703796,1150.203323
487,1361.156341,1257.875039,1088.652271
488,1352.375513,1264.481974,1068.149462
489,1342.870052,1216.869421,1010.988824
490,1348.70973,1241.038013,967.7666857
491,1358.982447,1186.818527,894.4936531
492,1309.878006,1210.262487,871.0496927
493,1308.428743,1167.764981,835.8837521
494,1334.089223,1202.20629,805.1508512
495,1342.870052,1186.818527,738.4421275
496,1345.811204,1148.711435,725.9955158
497,1327.482289,1181.703481,672.5432861
498,1301.097177,1149.436066,693.7707266
499,1317.934203,1175.096546,639.55124
500,1336.263118,1204.380184,668.8775032
501,1298.923283,1179.486961,662.2705689
502,1321.599986,1227.824145,665.9363518
503,1283.53552,1210.987119,665.9363518
504,1302.54644,1246.153059,695.2199896
505,1298.923283,1277.653217,756.0464105
506,1267.3805,1278.377848,792.6616141
507,1287.925934,1342.145421,832.985226
508,1282.043631,1327.482289,895.26091
509,1273.987434,1366.314013,952.3789226
510,1267.3805,1410.260782,1000.716106
511,1220.535204,1457.873334,1076.93029
512,1252.035362,1494.488538,1125.267474
513,1201.481658,1532.59563,1200.714401
514,1228.591402,1520.149018,1287.925934
515,1209.537856,1592.697419,1328.931552
516,1181.703481,1588.26438,1411.710045
517,1215.377533,1639.542715,1455.69944
518,1194.150092,1668.144347,1517.932498
519,1189.759678,1642.483866,1567.036939
520,1189.759678,1698.152616,1627.820735
521,1188.992421,1665.927827,1699.644504
522,1197.815875,1679.141695,1706.97607
523,1199.265138,1696.703353,1784.639517
524,1189.759678,1671.085498,1816.864306
525,1234.431079,1676.200544,1835.917852
526,1237.37223,1646.874281,1833.701332
527,1240.313382,1612.475597,1846.872576
528,1233.706448,1587.539748,1860.086444
529,1278.377848,1534.087518,1872.533056
530,1275.479322,1509.15167,1888.645451
531,1291.591717,1447.600617,1878.372733
532,1278.377848,1449.817137,1869.591905
533,1328.931552,1402.929216,1865.926122
534,1304.76296,1356.765927,1865.926122
535,1339.928901,1350.92625,1839.583635
536,1358.982447,1329.656184,1805.142326
537,1337.712381,1273.262803,1774.3668
538,1342.145421,1286.434046,1786.08878
539,1361.923598,1293.04098,1739.925491
540,1382.426407,1266.655868,1687.922524
541,1402.204585,1270.321651,1691.588307
542,1389.033342,1295.2575,1637.36882
543,1410.260782,1319.426092,1624.922209
544,1393.423756,1323.816506,1589.756268
545,1370.704427,1351.650881,1509.15167
546,1389.757973,1373.645578,1495.980426
547,1404.378479,1429.314328,1438.095157
548,1389.033342,1425.648545,1420.533499
549,1359.707078,1475.477617,1407.319631
550,1358.257815,1501.095472,1365.589381
551,1388.266085,1561.154636,1335.538486
552,1386.816822,1580.208182,1299.647914
553,1376.544104,1619.039906,1230.040665
554,1361.923598,1629.312623,1230.040665
555,1376.544104,1657.871629,1191.933573
556,1366.314013,1694.529458,1151.652586
557,1366.314013,1715.756899,1123.09358
558,1357.490558,1729.652774,1129.657889
559,1330.423441,1737.751596,1068.149462
560,1357.490558,1763.369451,1060.817896
561,1317.209572,1774.3668,1072.539876
562,1354.592032,1753.863991,1016.10387
563,1335.538486,1761.195557,1048.371284
564,1300.372546,1775.091431,1035.882047
565,1334.089223,1764.818714,1015.379238
566,1298.923283,1731.869294,1033.708153
567,1309.878006,1734.810445,989.7613831
568,1304.038329,1745.040537,1027.101218
569,1282.768263,1702.585656,1019.769652
570,1256.425776,1706.251439,994.876429
571,1280.594368,1693.03757,1035.157416
572,1252.035362,1686.430636,1000.716106
573,1272.538171,1645.425018,1036.649304
574,1220.535204,1669.59361,1035.882047
575,1252.759994,1651.264695,1027.82585
576,1201.481658,1611.70834,1056.427481
577,1223.43373,1589.756268,1095.983836
578,1216.102165,1588.26438,1112.096231
579,1195.599356,1584.598597,1129.657889
580,1169.981501,1540.651827,1130.425146
581,1174.371915,1520.87365,1125.267474
582,1191.933573,1539.927196,1176.545809
583,1176.545809,1480.592663,1182.428112
584,1188.26779,1483.533815,1193.425461
585,1224.158362,1491.590012,1238.096862
586,1210.262487,1439.54442,1270.321651
587,1265.206605,1463.755637,1277.653217
588,1281.319,1432.980111,1294.490243
589,1320.875355,1402.204585,1304.76296
590,1347.985098,1435.921262,1347.985098
591,1412.477302,1396.322282,1339.928901
592,1419.041611,1378.035993,1397.81417
593,1508.427038,1369.212539,1386.09219
594,1528.205216,1405.870368,1435.154006
595,1584.598597,1387.541453,1475.477617
596,1667.419715,1369.979796,1462.263749
597,1701.093767,1385.367559,1493.763907
598,1741.374754,1342.870052,1520.149018
599,1796.361497,1353.100144,1557.531479
600,1840.308267,1356.765927,1592.697419
601,1906.249734,1351.650881,1597.087834
602,1923.08676,1341.378164,1621.981057
603,1964.092378,1373.645578,1667.419715
604,2015.370713,1371.429059,1675.475912
605,2025.64343,1342.870052,1690.096419
606,2035.916147,1369.212539,1694.529458
607,2054.202436,1377.311361,1723.088465
608,2038.090042,1379.485256,1748.70632
609,2021.977647,1384.600302,1726.754248
610,2003.648733,1383.151039,1740.650122
611,1975.089726,1364.097493,1771.425649
612,1968.482792,1370.704427,1738.476228
613,1918.696345,1342.145421,1734.085813
614,1877.648102,1339.928901,1749.473577
615,1856.420661,1324.541138,1700.369136
616,1779.481846,1336.263118,1688.647156
617,1750.92284,1347.985098,1696.703353
618,1710.641853,1339.928901,1667.419715
619,1669.59361,1292.316349,1639.542715
620,1587.539748,1289.375197,1624.197577
621,1573.643873,1298.923283,1585.365854
622,1504.036624,1238.096862,1591.205531
623,1458.597966,1252.035362,1586.815117
624,1422.707394,1221.259836,1570.702722
625,1383.151039,1225.65025,1550.199913
626,1350.92625,1202.930921,1530.421736
627,1335.538486,1150.203323,1540.651827
628,1320.875355,1170.706132,1533.320262
629,1297.431394,1134.81556,1537.710676
630,1252.759994,1129.657889,1511.36819
631,1277.653217,1101.823514,1528.205216
632,1261.540822,1081.320705,1552.373808
633,1226.374882,1060.817896,1547.983393
634,1252.759994,1058.601376,1547.258762
635,1223.43373,1019.769652,1568.486202
636,1238.096862,1030.04237,1619.039906
637,1216.869421,1030.767001,1617.590643
638,1231.489928,1018.320389,1633.703037
639,1282.768263,996.325692,1663.753932
640,1265.931237,1031.491633,1706.251439
641,1280.594368,1030.04237,1700.369136
642,1321.599986,1027.82585,1731.869294
643,1351.650881,1080.596073,1779.481846
644,1366.314013,1106.213928,1771.425649
645,1395.59765,1131.149777,1819.038201
646,1410.985414,1140.655237,1813.923155
647,1443.210203,1151.652586,1854.928773
648,1474.710361,1159.708783,1833.701332
649,1508.427038,1215.377533,1855.69603
650,1528.929847,1257.875039,1880.589253
651,1585.365854,1281.319,1857.145293
652,1571.427354,1271.046283,1863.027596
653,1608.809814,1333.321967,1873.257687
654,1629.312623,1361.156341,1857.869924
655,1674.708656,1383.151039,1838.816378
656,1674.708656,1397.089539,1813.198523
657,1723.088465,1389.757973,1767.035234
658,1706.251439,1426.373177,1742.142011
659,1742.142011,1440.311677,1676.200544
660,1755.313254,1398.538802,1657.146998
661,1753.096734,1434.429374,1605.868663
662,1787.538043,1435.921262,1583.149334
663,1810.982004,1408.811519,1504.761255
664,1786.813412,1417.592348,1477.651512
665,1789.754563,1404.378479,1427.097808
666,1797.81076,1423.432025,1382.426407
667,1799.984655,1393.423756,1349.434361
668,1810.257372,1372.15369,1312.094526
669,1825.645135,1361.156341,1315.035677
670,1821.254721,1352.375513,1306.97948
671,1796.361497,1378.035993,1245.428428
672,1795.59424,1366.314013,1266.655868
673,1806.591589,1329.656184,1238.096862
674,1804.417695,1327.482289,1242.487276
675,1772.917537,1327.482289,1256.425776
676,1771.425649,1277.653217,1228.591402
677,1764.818714,1284.260151,1279.869737
678,1775.816063,1299.647914,1271.81354
679,1726.029616,1303.313697,1271.046283
680,1739.925491,1295.2575,1291.591717
681,1688.647156,1305.487592,1337.712381
682,1663.753932,1287.201303,1356.041295
683,1638.093452,1325.990401,1400.755322
684,1609.534446,1318.70146,1387.541453
685,1589.031637,1299.647914,1445.426723
686,1566.312308,1336.263118,1439.54442
687,1548.708025,1358.982447,1442.485571
688,1489.373492,1347.260467,1493.039275
689,1443.97746,1347.985098,1488.648861
690,1416.10046,1357.490558,1511.36819
691,1388.266085,1377.311361,1520.87365
692,1325.990401,1431.488223,1507.702407
693,1305.487592,1410.260782,1506.977775
694,1244.703796,1454.207552,1521.598281
695,1210.262487,1476.92688,1517.207867
696,1164.823829,1451.2664,1524.539433
697,1125.992106,1474.710361,1490.865381
698,1101.098882,1487.924229,1460.814486
699,1062.99179,1508.427038,1443.97746
700,1015.379238,1516.483235,1441.76094
701,990.4860146,1526.755953,1427.097808
702,928.2103307,1584.598597,1393.423756
703,915.763719,1585.365854,1342.145421
704,869.6004297,1581.700071,1309.878006
705,876.207364,1567.761571,1291.591717
706,858.603081,1616.14138,1259.324302
707,841.7660549,1578.034288,1230.040665
708,832.2179692,1579.483551,1236.647599
709,824.9290287,1606.593294,1183.152744
710,817.5974629,1567.761571,1150.927955
711,802.2096998,1550.199913,1130.425146
712,816.1055745,1579.483551,1110.604343
713,783.8807853,1542.143716,1082.045336
714,823.4371403,1531.870999,1038.098567
715,828.5521863,1517.932498,1039.54783
716,814.6563115,1507.702407,1023.435435
717,831.4933377,1490.098124,1052.037067
718,835.8837521,1489.373492,1040.315087
719,838.8249035,1461.539117,1052.037067
720,838.1002719,1461.539117,1113.545494
721,872.5415811,1455.69944,1145.770283
722,901.8252189,1415.375828,1153.101849
723,921.6033964,1418.316979,1207.321336
724,938.4830479,1430.03896,1208.813224
725,958.2612254,1383.87567,1243.211908
726,964.8255343,1407.319631,1289.375197
727,987.5448632,1389.757973,1276.928585
728,999.2668434,1350.92625,1306.97948
729,1001.483363,1344.319315,1275.479322
730,998.5422119,1370.704427,1293.765612
731,1051.26981,1367.763276,1271.046283
732,1062.99179,1353.100144,1232.981816
733,1051.26981,1354.592032,1186.093895
734,1103.315402,1340.653532,1180.211592
735,1101.823514,1333.321967,1150.927955
736,1141.379869,1302.54644,1105.489297
737,1117.211277,1307.704112,1008.772304
738,1150.927955,1317.934203,997.8175804
739,1177.270441,1334.813855,938.4830479
740,1216.869421,1330.423441,902.5498504
741,1213.203639,1303.313697,813.2070485
742,1232.981816,1316.48494,812.4397916
743,1288.650566,1353.867401,769.9849106
744,1283.53552,1366.314013,740.6586474
745,1286.434046,1328.931552,717.9393185
746,1325.990401,1348.70973,695.2199896
747,1347.260467,1372.878322,673.2679176
748,1332.597335,1385.367559,657.8801545
749,1365.589381,1398.538802,687.9310492
750,1377.311361,1404.378479,717.9393185
751,1350.92625,1421.258131,744.3244303
752,1364.822124,1411.710045,739.9340159
753,1371.429059,1405.145736,819.7713574
754,1375.819473,1403.653848,838.1002719
755,1340.653532,1424.923914,908.4321532
756,1359.707078,1420.533499,950.9296596
757,1364.822124,1457.873334,991.9352776
758,1351.650881,1421.982762,1043.213613
759,1300.372546,1462.98838,1124.542843
760,1315.760309,1434.429374,1164.099198
761,1318.70146,1419.041611,1233.706448
762,1299.647914,1447.600617,1261.540822
763,1272.538171,1416.867716,1317.209572
764,1290.099829,1394.148387,1405.145736
765,1270.321651,1399.263433,1419.766242
766,1251.268105,1391.207236,1479.1434
767,1264.481974,1347.260467,1542.143716
768,1240.313382,1331.872704,1564.095788
769,1241.762645,1325.265769,1636.644189
770,1288.650566,1308.428743,1682.040221
771,1279.869737,1243.211908,1699.644504
772,1274.712066,1258.599671,1699.644504
773,1279.10248,1247.602322,1725.262359
774,1289.375197,1197.815875,1746.532425
775,1315.035677,1204.380184,1769.976386
776,1290.82446,1206.596704,1786.813412
777,1324.541138,1200.714401,1775.816063
778,1329.656184,1178.037698,1784.639517
779,1370.704427,1167.040349,1810.982004
780,1375.094841,1169.981501,1805.866958
781,1394.148387,1149.436066,1769.251754
782,1399.263433,1189.759678,1775.091431
783,1398.538802,1175.821178,1789.754563
784,1425.648545,1188.26779,1777.307951
785,1446.875986,1185.369264,1762.64482
786,1483.533815,1197.091244,1720.871945
787,1501.820104,1224.158362,1706.251439
788,1514.309341,1224.158362,1682.040221
789,1512.817453,1272.538171,1682.807478
790,1502.587361,1293.04098,1622.705689
791,1534.81215,1296.706763,1636.644189
792,1519.424387,1339.928901,1568.486202
793,1570.702722,1364.097493,1566.312308
794,1530.421736,1375.094841,1528.929847
795,1556.03959,1392.656499,1498.154321
796,1564.095788,1445.426723,1479.868032
797,1554.590327,1501.095472,1486.432341
798,1561.921893,1536.261413,1427.097808
799,1542.143716,1570.702722,1443.210203
800,1521.598281,1595.595945,1389.033342
801,1560.430005,1606.593294,1387.541453
802,1525.264064,1660.812781,1395.59765
803,1503.311992,1665.927827,1364.097493
804,1520.149018,1698.919873,1336.263118
805,1523.09017,1745.807794,1306.212223
806,1516.483235,1777.307951,1317.934203
807,1495.255795,1766.310603,1304.76296
808,1503.311992,1785.364149,1273.987434
809,1488.648861,1812.473892,1273.987434
810,1460.814486,1811.706635,1276.203954
811,1493.039275,1813.923155,1274.712066
812,1462.98838,1799.260023,1270.321651
813,1441.036308,1776.540694,1246.153059
814,1464.480269,1749.473577,1240.313382
815,1443.210203,1709.149965,1230.765296
816,1454.932183,1685.706004,1235.155711
817,1431.488223,1664.478564,1266.655868
818,1437.370525,1641.759235,1270.321651
819,1418.316979,1597.812465,1277.653217
820,1413.926565,1545.809499,1279.10248
821,1402.929216,1510.643558,1287.201303
822,1428.589697,1479.868032,1290.099829
823,1421.258131,1470.319946,1258.599671
824,1418.316979,1452.758289,1288.650566
825,1388.266085,1410.260782,1307.704112
826,1412.477302,1427.097808,1295.2575
827,1363.372861,1374.37021,1297.431394
828,1375.819473,1403.653848,1325.990401
829,1391.207236,1389.033342,1335.538486
830,1375.094841,1377.311361,1324.541138
831,1352.375513,1410.985414,1348.70973
832,1365.589381,1418.316979,1364.097493
833,1368.487907,1404.378479,1367.763276
834,1327.482289,1424.199282,1364.097493
835,1316.48494,1451.2664,1358.982447
836,1346.535835,1474.710361,1349.434361
837,1298.156026,1494.488538,1336.263118
838,1321.599986,1475.477617,1323.816506
839,1294.490243,1490.098124,1300.372546
840,1308.428743,1548.708025,1294.490243
841,1262.990085,1534.087518,1269.59702
842,1294.490243,1537.710676,1269.59702
843,1260.091559,1569.253459,1256.425776
844,1243.211908,1603.652143,1264.481974
845,1227.099513,1601.478248,1228.591402
846,1221.984467,1616.866011,1224.925619
847,1203.655553,1611.70834,1216.869421
848,1175.096546,1632.253774,1227.099513
849,1169.214244,1634.427669,1199.265138
850,1174.371915,1624.922209,1217.594053
851,1116.486645,1634.427669,1193.425461
852,1135.540191,1635.919557,1187.543158
853,1139.205974,1633.703037,1203.655553
854,1124.542843,1619.764537,1193.425461
855,1093.042685,1594.871314,1205.872073
856,1085.711119,1584.598597,1180.211592
857,1102.548145,1586.090485,1205.147441
858,1108.430448,1591.205531,1175.096546
859,1079.871442,1574.368505,1220.535204
860,1106.213928,1557.531479,1216.869421
861,1109.879711,1541.376459,1198.540507
862,1086.435751,1531.146367,1239.546125
863,1106.213928,1520.87365,1241.038013
864,1119.427797,1531.870999,1238.096862
865,1137.714086,1534.81215,1271.81354
866,1150.927955,1501.095472,1320.150723
867,1162.649935,1501.820104,1349.434361
868,1139.930606,1517.932498,1378.035993
869,1153.101849,1515.033972,1395.59765
870,1169.981501,1516.483235,1449.092506
871,1232.257185,1472.536466,1492.314644
872,1227.099513,1460.814486,1512.817453
873,1232.257185,1468.146052,1572.876617
874,1303.313697,1470.319946,1632.253774
875,1298.923283,1491.590012,1661.537412
876,1322.367243,1458.597966,1727.478879
877,1348.70973,1454.932183,1778.032583
878,1383.151039,1483.533815,1836.642484
879,1443.97746,1450.541769,1909.872891
880,1476.202249,1471.044578,1958.977332
881,1539.202564,1446.151354,2003.648733
882,1562.646525,1457.148703,2050.536654
883,1603.652143,1438.819788,2091.584897
884,1638.818083,1443.210203,2147.253647
885,1723.813096,1430.763591,2169.248344
886,1723.813096,1451.2664,2208.804699
887,1773.642168,1402.204585,2234.422554
888,1810.257372,1421.982762,2241.75412
889,1832.976701,1396.322282,2246.144534
890,1876.92347,1385.367559,2274.746166
891,1887.196188,1410.985414,2269.588495
892,1930.418326,1375.819473,2240.304857
893,1923.08676,1365.589381,2218.310159
894,1960.426595,1350.92625,2213.195113
895,1932.59222,1343.594684,2180.970324
896,1936.982634,1347.985098,2142.138601
897,1947.255352,1347.260467,2090.093009
898,1947.979983,1340.653532,2015.370713
899,1906.974365,1320.875355,1984.637812
900,1896.701648,1308.428743,1926.752543
901,1887.920819,1304.76296,1847.639833
902,1858.594556,1320.875355,1766.310603
903,1821.979352,1331.148072,1701.818399
904,1800.751912,1298.923283,1612.475597
905,1777.307951,1273.262803,1583.149334
906,1747.257057,1299.647914,1469.595315
907,1731.869294,1247.602322,1394.148387
908,1683.53211,1268.147757,1344.319315
909,1653.481215,1241.038013,1264.481974
910,1625.64684,1245.428428,1245.428428
911,1602.927511,1208.813224,1185.369264
912,1583.873965,1180.936224,1128.933257
913,1574.368505,1188.26779,1068.149462
914,1564.820419,1143.596389,1012.438087
915,1565.587676,1131.874409,1022.710804
916,1562.646525,1145.770283,970.7078371
917,1544.31761,1138.481343,937.715791
918,1526.755953,1120.87706,967.7666857
919,1511.36819,1106.981185,964.1009028
920,1521.598281,1090.826165,962.6516398
921,1526.031321,1059.326007,960.4351199
922,1533.320262,1018.320389,950.2050281
923,1561.154636,1052.037067,980.2132974
924,1543.592979,1011.713455,991.9352776
925,1528.205216,1045.430133,1004.381889
926,1541.376459,1027.101218,992.6599091
927,1556.03959,1018.320389,999.9914749
928,1562.646525,1056.427481,1043.938244
929,1564.820419,1096.708468,1031.491633
930,1583.149334,1117.935908,1090.826165
931,1587.539748,1131.149777,1070.323356
932,1586.815117,1127.483994,1130.425146
933,1564.095788,1186.818527,1154.593737
934,1589.756268,1213.92827,1170.706132
935,1597.812465,1237.37223,1184.602007
936,1591.205531,1282.768263,1191.933573
937,1553.098439,1290.82446,1202.20629
938,1595.595945,1302.54644,1202.20629
939,1561.921893,1328.931552,1216.869421
940,1548.708025,1389.757973,1233.706448
941,1564.095788,1389.757973,1214.652902
942,1559.705373,1446.875986,1241.762645
943,1549.432656,1441.76094,1213.203639
944,1551.649176,1459.322597,1253.484625
945,1526.031321,1479.868032,1247.602322
946,1541.376459,1513.542084,1232.981816
947,1558.25611,1491.590012,1255.701145
948,1507.702407,1483.533815,1246.877691
949,1532.59563,1487.924229,1239.546125
950,1531.146367,1495.255795,1210.262487
951,1501.095472,1482.041926,1235.880342
952,1522.365538,1514.309341,1210.262487
953,1490.865381,1500.370841,1210.262487
954,1508.427038,1489.373492,1213.92827
955,1502.587361,1470.319946,1169.214244
956,1497.429689,1410.985414,1161.925303
957,1512.817453,1402.929216,1148.711435
958,1500.370841,1356.041295,1134.81556
959,1507.702407,1338.479638,1141.379869
960,1495.255795,1328.931552,1125.267474
961,1536.986044,1301.097177,1106.213928
962,1506.210518,1259.324302,1104.764665
963,1507.702407,1245.428428,1123.818211
964,1515.033972,1238.821493,1158.984152
965,1524.539433,1221.259836,1219.767947
966,1543.592979,1177.270441,1261.540822
967,1564.820419,1153.101849,1298.923283
968,1582.424702,1169.214244,1334.089223
969,1584.598597,1183.152744,1369.979796
970,1575.817768,1142.147126,1377.311361
971,1573.643873,1169.981501,1373.645578
972,1558.980742,1196.323987,1429.314328
973,1560.430005,1166.315718,1399.263433
974,1561.921893,1192.658204,1393.423756
975,1570.702722,1205.147441,1411.710045
976,1562.646525,1266.655868,1389.757973
977,1558.980742,1287.925934,1312.819158
978,1555.314959,1296.706763,1320.150723
979,1550.924545,1311.369895,1254.209257
980,1534.81215,1356.041295,1205.147441
981,1523.814801,1407.319631,1167.764981
982,1506.977775,1410.260782,1083.537225
983,1497.429689,1452.033657,1060.093264
984,1513.542084,1472.536466,997.0503235
985,1473.261098,1480.592663,924.5445478
986,1430.763591,1532.59563,871.0496927
987,1409.536151,1535.536781,862.9934954
988,1380.934519,1527.480584,794.1535025
989,1361.156341,1580.975439,799.2685484
990,1330.423441,1585.365854,787.5465682
991,1322.367243,1587.539748,778.7657394
992,1298.923283,1569.253459,778.7657394
993,1268.872388,1562.646525,788.9958312
994,1229.316033,1563.371156,794.1535025
995,1192.658204,1594.146682,810.9905286
996,1186.093895,1599.261728,824.9290287
997,1171.430764,1593.422051,887.9293442
998,1120.152428,1594.146682,945.7719883
999,1080.596073,1577.309656,990.4860146
1000,1096.708468,1583.873965,1058.601376
1001,1053.48633,1589.756268,1115.037382
1002,1038.823198,1578.034288,1183.152744
1003,1049.820547,1578.034288,1224.158362
1004,1020.494284,1572.151985,1308.428743
1005,1006.598409,1567.036939,1347.985098
1006,972.1571001,1547.258762,1432.980111
1007,993.427166,1509.15167,1471.811835
1008,988.2694947,1497.429689,1523.814801
1009,969.2159487,1484.983078,1561.921893
1010,979.4886659,1509.876301,1610.259077
1011,975.822883,1473.261098,1660.812781
1012,970.7078371,1452.033657,1695.978721
1013,978.0394029,1457.873334,1754.588622
1014,997.8175804,1457.873334,1801.476543
1015,1007.323041,1446.151354,1824.920504
1016,1016.10387,1399.263433,1821.979352
1017,1013.205344,1425.648545,1878.372733
1018,1076.93029,1374.37021,1864.476859
1019,1071.815245,1370.704427,1895.252385
1020,1084.986488,1373.645578,1898.918168
1021,1121.601691,1383.87567,1919.420977
1022,1172.155395,1337.712381,1891.586602
1023,1198.540507,1361.156341,1904.757845
1024,1226.374882,1331.148072,1876.198839
1025,1229.316033,1372.878322,1889.370082
1026,1246.153059,1342.870052,1857.869924
1027,1302.54644,1379.485256,1843.97405
1028,1283.53552,1356.041295,1835.917852
1029,1317.209572,1389.757973,1786.813412
1030,1360.43171,1357.490558,1767.035234
1031,1333.321967,1405.145736,1719.422682
1032,1367.038644,1384.600302,1701.818399
1033,1394.873019,1383.151039,1682.807478
1034,1383.151039,1399.988065,1623.43032
1035,1378.035993,1433.704743,1594.871314
1036,1373.645578,1453.48292,1570.702722
1037,1410.985414,1444.702091,1535.536781
1038,1414.651196,1439.54442,1476.202249
1039,1408.811519,1447.600617,1411.710045
1040,1395.59765,1483.533815,1403.653848
1041,1376.544104,1457.873334,1359.707078
1042,1363.372861,1454.932183,1315.035677
1043,1353.867401,1451.2664,1268.147757
1044,1351.650881,1441.76094,1223.43373
1045,1336.987749,1452.758289,1147.262172
1046,1320.150723,1448.367874,1121.601691
1047,1299.647914,1441.76094,1101.098882
1048,1260.091559,1429.314328,1045.430133
1049,1265.206605,1408.811519,994.876429
1050,1205.872073,1379.485256,980.2132974
1051,1205.872073,1357.490558,923.0952848
1052,1210.987119,1345.043947,890.1032387
1053,1185.369264,1295.982131,873.2662126
1054,1191.208941,1304.76296,857.153818
1055,1190.48431,1293.04098,840.2741665
1056,1200.714401,1230.765296,815.380943
1057,1187.543158,1239.546125,803.6589628
1058,1196.323987,1240.313382,791.9369826
1059,1191.933573,1184.602007,781.7068908
1060,1186.818527,1191.933573,766.3191277
1061,1227.099513,1164.823829,762.6533448
1062,1233.706448,1180.211592,735.5436015
1063,1246.153059,1135.540191,730.3859302
1064,1273.987434,1133.323672,753.1052591
1065,1315.035677,1162.649935,771.4341736
1066,1336.263118,1162.649935,778.7657394
1067,1369.212539,1162.649935,757.4956735
1068,1381.701776,1151.652586,814.6563115
1069,1403.653848,1147.986803,810.9905286
1070,1419.766242,1170.706132,832.985226
1071,1481.317295,1208.813224,874.7154756
1072,1475.477617,1190.48431,925.9938108
1073,1504.036624,1235.880342,941.3815739
1074,1535.536781,1273.262803,963.3762713
1075,1560.430005,1279.10248,1027.82585
1076,1593.422051,1344.319315,1082.045336
1077,1602.20288,1336.263118,1105.489297
1078,1657.871629,1388.266085,1131.149777
1079,1656.422366,1439.54442,1141.379869
1080,1655.697735,1464.480269,1205.147441
1081,1658.596261,1551.649176,1214.652902
1082,1704.75955,1570.702722,1243.211908
1083,1694.529458,1634.427669,1257.875039
1084,1679.141695,1673.984024,1270.321651
1085,1673.259393,1720.871945,1312.094526
1086,1696.703353,1737.751596,1325.990401
1087,1694.529458,1758.254405,1375.819473
1088,1693.03757,1795.59424,1405.870368
1089,1686.430636,1825.645135,1435.921262
1090,1652.756583,1842.482161,1462.98838
1091,1659.363518,1865.20149,1477.651512
1092,1659.363518,1857.869924,1486.432341
1093,1627.096103,1863.027596,1541.376459
1094,1599.261728,1849.813727,1553.098439
1095,1590.4809,1849.813727,1599.261728
1096,1578.034288,1841.032898,1639.542715
1097,1588.26438,1810.982004,1638.093452
1098,1599.98636,1778.757214,1651.264695
1099,1549.432656,1748.70632,1685.706004
1100,1553.098439,1715.032267,1719.422682
1101,1563.371156,1689.371787,1724.537728
1102,1526.755953,1695.25409,1732.593925
1103,1502.587361,1633.703037,1741.374754
1104,1517.207867,1599.261728,1753.863991
1105,1479.1434,1592.697419,1754.588622
1106,1505.485887,1567.036939,1787.538043
1107,1465.2049,1550.924545,1781.698366
1108,1482.041926,1531.146367,1783.147629
1109,1429.314328,1530.421736,1780.973734
1110,1450.541769,1524.539433,1759.703668
1111,1452.033657,1526.755953,1735.535076
1112,1398.538802,1522.365538,1737.751596
1113,1405.145736,1538.477933,1731.144662
1114,1427.097808,1559.705373,1711.366485
1115,1423.432025,1575.093136,1689.371787
1116,1377.311361,1569.253459,1697.427984
1117,1392.656499,1595.595945,1697.427984
1118,1402.204585,1643.208498,1659.363518
1119,1359.707078,1650.540064,1633.703037
1120,1380.934519,1707.700702,1664.478564
1121,1396.322282,1719.422682,1614.649491
1122,1387.541453,1720.147313,1615.374123
1123,1348.70973,1756.037885,1630.037255
1124,1345.043947,1777.307951,1619.764537
1125,1369.212539,1820.530089,1605.144031
1126,1376.544104,1822.703984,1610.259077
1127,1340.653532,1809.532741,1620.531794
1128,1363.372861,1835.150595,1632.253774
1129,1330.423441,1841.032898,1685.706004
1130,1338.479638,1817.588938,1698.152616
1131,1340.653532,1847.639833,1684.256741
1132,1315.760309,1834.425964,1729.652774
1133,1286.434046,1819.762832,1736.259708
1134,1307.704112,1786.813412,1777.307951
1135,1277.653217,1761.195557,1805.866958
1136,1240.313382,1752.372103,1803.650438
1137,1268.147757,1722.363833,1811.706635
1138,1241.762645,1739.200859,1831.484813
1139,1233.706448,1684.256741,1844.698681
1140,1219.767947,1668.144347,1867.41801
1141,1201.481658,1676.200544,1885.704299
1142,1180.936224,1635.1523,1917.971714
1143,1144.32102,1610.259077,1887.196188
1144,1160.433415,1591.205531,1904.757845
1145,1167.764981,1571.427354,1912.089411
1146,1143.596389,1579.483551,1873.982319
1147,1139.205974,1515.033972,1869.591905
1148,1150.203323,1536.986044,1860.086444
1149,1118.703165,1487.199598,1846.147944
1150,1134.048303,1502.587361,1837.367115
1151,1127.483994,1452.758289,1800.751912
1152,1104.040034,1449.817137,1794.869609
1153,1144.32102,1427.82244,1748.70632
1154,1109.879711,1438.095157,1697.427984
1155,1140.655237,1452.758289,1684.256741
1156,1158.25952,1437.370525,1643.208498
1157,1142.147126,1416.867716,1609.534446
1158,1169.214244,1399.263433,1565.587676
1159,1173.647283,1381.701776,1566.312308
1160,1195.599356,1387.541453,1500.370841
1161,1209.537856,1397.089539,1503.311992
1162,1232.981816,1411.710045,1479.868032
1163,1233.706448,1408.811519,1419.766242
1164,1270.321651,1403.653848,1377.311361
1165,1288.650566,1389.033342,1372.878322
1166,1303.313697,1408.811519,1344.319315
1167,1308.428743,1413.201933,1319.426092
1168,1316.48494,1415.375828,1294.490243
1169,1378.035993,1403.653848,1260.816191
1170,1415.375828,1399.988065,1258.599671
1171,1432.980111,1411.710045,1254.933888
1172,1475.477617,1443.97746,1260.091559
1173,1523.814801,1418.316979,1257.875039
1174,1593.422051,1462.263749,1252.759994
1175,1601.478248,1478.376143,1230.040665
1176,1658.596261,1457.148703,1235.880342
1177,1704.034919,1480.592663,1224.158362
1178,1746.532425,1508.427038,1275.479322
1179,1795.59424,1515.033972,1273.987434
1180,1857.145293,1520.87365,1269.59702
1181,1887.196188,1515.033972,1282.043631
1182,1916.479825,1501.095472,1324.541138
1183,1942.140306,1493.039275,1303.313697
1184,1967.033529,1515.758604,1353.867401
1185,1962.643115,1510.643558,1328.206921
1186,1986.811707,1507.702407,1358.982447
1187,1985.362444,1489.373492,1395.59765
1188,1972.915832,1469.595315,1391.931868
1189,1952.370398,1425.648545,1387.541453
1190,1921.594871,1434.429374,1381.701776
1191,1879.13999,1436.645894,1379.485256
1192,1858.594556,1372.878322,1380.209887
1193,1802.201175,1394.148387,1383.151039
1194,1769.251754,1350.92625,1383.87567
1195,1723.088465,1326.757658,1392.656499
1196,1667.419715,1347.260467,1394.148387
1197,1639.542715,1314.268421,1413.201933
1198,1591.930163,1295.982131,1424.923914
1199,1550.199913,1268.872388,1408.044262
1200,1509.876301,1217.594053,1378.760624
1201,1495.255795,1223.43373,1376.544104
1202,1435.154006,1211.71175,1365.589381
1203,1399.263433,1185.369264,1356.041295
1204,1383.87567,1167.764981,1325.265769
1205,1372.878322,1163.374566,1276.203954
1206,1358.982447,1156.043,1281.319
1207,1316.48494,1147.262172,1290.82446
1208,1344.319315,1139.930606,1287.925934
1209,1298.156026,1134.81556,1261.540822
1210,1321.599986,1191.208941,1249.818842
1211,1330.423441,1185.369264,1306.212223
1212,1294.490243,1202.20629,1298.923283
1213,1328.931552,1219.767947,1304.76296
1214,1336.263118,1271.81354,1337.712381
1215,1352.375513,1303.313697,1369.979796
1216,1358.982447,1327.482289,1350.201618
1217,1335.538486,1337.712381,1372.15369
1218,1335.538486,1345.043947,1375.094841
1219,1361.923598,1405.145736,1374.37021
1220,1357.490558,1405.870368,1394.148387
1221,1378.035993,1435.921262,1367.763276
1222,1379.485256,1482.766558,1335.538486
1223,1423.432025,1455.69944,1298.923283
1224,1421.982762,1472.536466,1301.821809
1225,1410.985414,1479.868032,1246.877691
1226,1463.755637,1501.095472,1212.436382
1227,1431.488223,1508.427038,1129.657889
1228,1480.592663,1509.876301,1061.542527
1229,1449.092506,1471.044578,1029.317738
1230,1498.921578,1442.485571,964.1009028
1231,1475.477617,1446.875986,895.9855415
1232,1513.542084,1394.148387,824.9290287
1233,1482.041926,1344.319315,753.1052591
1234,1494.488538,1314.268421,698.161141
1235,1519.424387,1293.04098,639.55124
1236,1540.651827,1259.324302,583.1578588
1237,1542.143716,1197.815875,547.9919182
1238,1537.710676,1143.596389,534.0534181
1239,1513.542084,1109.15508,520.8821749
1240,1524.539433,1055.660225,504.7697803
1241,1534.087518,1035.882047,505.4944118
1242,1511.36819,982.4298173,488.6573857
1243,1519.424387,959.7104884,529.6630037
1244,1529.654479,951.6542911,542.1096154
1245,1550.199913,947.2638767,599.2702535
1246,1565.587676,926.7610677,641.7677599
1247,1538.477933,915.0390875,650.5485887
1248,1538.477933,972.8817316,706.2173383
1249,1538.477933,981.7051858,776.5492195
1250,1539.927196,998.5422119,849.0976207
1251,1557.531479,1027.82585,945.7719883
1252,1589.756268,1068.874093,1012.438087
1253,1565.587676,1136.989454,1086.435751
1254,1559.705373,1171.430764,1161.925303
1255,1570.702722,1197.091244,1227.099513
1256,1601.478248,1240.313382,1268.872388
1257,1572.151985,1290.82446,1342.145421
1258,1574.368505,1335.538486,1406.594999
1259,1591.930163,1384.600302,1501.820104
1260,1594.871314,1435.154006,1553.098439
1261,1606.593294,1493.039275,1591.930163
1262,1611.70834,1506.210518,1646.149649
1263,1579.483551,1563.371156,1708.425333
1264,1584.598597,1591.930163,1716.48153
1265,1604.4194,1607.317926,1767.759866
1266,1608.042557,1623.43032,1817.588938
1267,1563.371156,1681.31559,1819.762832
1268,1555.314959,1712.091116,1821.979352
1269,1549.432656,1729.652774,1834.425964
1270,1537.710676,1743.591274,1841.75753
1271,1553.865696,1773.642168,1862.260339
1272,1551.649176,1798.535392,1843.97405
1273,1526.755953,1799.984655,1840.308267
1274,1490.098124,1817.588938,1829.310918
1275,1473.985729,1853.47951,1823.428615
1276,1435.154006,1871.808424,1843.206793
1277,1405.870368,1865.20149,1791.203826
1278,1399.263433,1857.145293,1783.87226
1279,1395.59765,1865.926122,1744.315905
1280,1348.70973,1890.094714,1751.647471
1281,1319.426092,1884.255036,1736.259708
1282,1283.53552,1866.650753,1694.529458
1283,1247.602322,1847.639833,1659.363518
1284,1221.984467,1842.482161,1645.425018
1285,1205.872073,1816.864306,1619.039906
1286,1186.093895,1778.757214,1561.921893
1287,1140.655237,1771.425649,1573.643873
1288,1095.983836,1750.198208,1506.977775
1289,1106.213928,1707.700702,1520.149018
1290,1063.759047,1662.986675,1479.1434
1291,1039.54783,1630.761886,1452.033657
1292,1054.935593,1599.261728,1443.97746
1293,1031.491633,1577.309656,1372.878322
1294,1011.713455,1567.761571,1344.319315
1295,998.5422119,1523.814801,1325.990401
1296,996.325692,1475.477617,1315.035677
1297,980.2132974,1446.151354,1267.3805
1298,968.4913172,1445.426723,1269.59702
1299,956.769337,1411.710045,1230.040665
1300,946.5392452,1383.151039,1188.992421
1301,935.5418965,1376.544104,1175.821178
1302,934.817265,1325.265769,1161.925303
1303,948.7131397,1337.712381,1094.491948
1304,956.0447055,1292.316349,1116.486645
1305,956.0447055,1291.591717,1065.20831
1306,960.4351199,1257.875039,1064.483679
1307,1010.988824,1281.319,1024.160067
1308,989.7613831,1249.818842,1013.929975
1309,1035.882047,1238.821493,1016.871126
1310,1066.657573,1216.869421,992.6599091
1311,1106.981185,1243.979165,967.0420542
1312,1132.59904,1231.489928,997.0503235
1313,1142.147126,1218.318684,987.5448632
1314,1157.492263,1197.091244,965.5501658
1315,1214.652902,1235.880342,950.9296596
1316,1214.652902,1210.987119,990.4860146
1317,1286.434046,1207.321336,987.5448632
1318,1329.656184,1218.318684,972.1571001
1319,1336.263118,1221.984467,1020.494284
1320,1398.538802,1222.709099,994.1517975
1321,1410.985414,1235.155711,1029.317738
1322,1424.199282,1204.380184,1067.382205
1323,1487.924229,1227.099513,1046.879396
1324,1484.983078,1243.979165,1092.318054
1325,1528.929847,1217.594053,1119.427797
1326,1504.036624,1192.658204,1134.048303
1327,1529.654479,1222.709099,1147.262172
1328,1534.81215,1205.147441,1159.708783
1329,1557.531479,1172.880027,1178.037698
1330,1564.820419,1183.152744,1188.992421
1331,1519.424387,1187.543158,1251.268105
1332,1507.702407,1172.155395,1245.428428
1333,1503.311992,1181.703481,1252.035362
1334,1517.207867,1177.270441,1284.984783
1335,1489.373492,1179.486961,1303.313697
1336,1442.485571,1158.25952,1351.650881
1337,1439.54442,1161.925303,1346.535835
1338,1397.089539,1206.596704,1377.311361
1339,1397.089539,1178.037698,1387.541453
1340,1371.429059,1201.481658,1416.867716
1341,1339.928901,1211.71175,1483.533815
1342,1268.147757,1188.26779,1491.590012
1343,1271.046283,1238.821493,1554.590327
1344,1226.374882,1239.546125,1572.151985
1345,1219.767947,1225.65025,1606.593294
1346,1210.262487,1283.53552,1608.809814
1347,1192.658204,1304.038329,1638.093452
1348,1184.602007,1328.206921,1682.807478
1349,1178.037698,1357.490558,1710.641853
1350,1153.101849,1386.816822,1701.093767
1351,1172.155395,1391.931868,1720.871945
1352,1173.647283,1421.982762,1732.593925
1353,1161.925303,1443.97746,1730.420031
1354,1162.649935,1478.376143,1747.257057
1355,1178.762329,1512.092821,1755.313254
1356,1192.658204,1546.53413,1754.588622
1357,1226.374882,1578.758919,1731.144662
1358,1224.158362,1611.70834,1717.930793
1359,1255.701145,1672.534761,1714.307636
1360,1303.313697,1675.475912,1706.97607
1361,1320.150723,1735.535076,1688.647156
1362,1318.70146,1736.259708,1667.419715
1363,1334.089223,1766.310603,1606.593294
1364,1399.988065,1791.928458,1578.758919
1365,1401.479953,1786.08878,1583.873965
1366,1411.710045,1791.203826,1528.205216
1367,1473.261098,1798.535392,1504.761255
1368,1452.758289,1815.372418,1479.868032
1369,1476.202249,1804.417695,1460.814486
1370,1512.817453,1775.091431,1452.033657
1371,1547.983393,1792.695714,1446.151354
1372,1541.376459,1764.818714,1432.980111
1373,1545.042242,1720.871945,1438.095157
1374,1556.764222,1728.203511,1441.036308
1375,1567.036939,1694.529458,1429.314328
1376,1582.424702,1653.481215,1449.817137
1377,1592.697419,1602.20288,1501.095472
1378,1617.590643,1614.649491,1511.36819
1379,1615.374123,1542.868347,1562.646525
1380,1637.36882,1554.590327,1564.820419
1381,1674.708656,1504.036624,1605.144031
1382,1681.31559,1471.044578,1643.975755
1383,1646.874281,1474.710361,1680.590958
1384,1679.866327,1470.319946,1727.478879
1385,1664.478564,1460.814486,1787.538043
1386,1699.644504,1444.702091,1796.361497
1387,1671.085498,1432.980111,1835.917852
1388,1714.307636,1478.376143,1875.474207
1389,1686.430636,1482.766558,1890.094714
1390,1713.540379,1504.761255,1910.640148
1391,1707.700702,1497.429689,1909.14826
1392,1699.644504,1529.654479,1921.594871
1393,1739.925491,1561.921893,1927.477174
1394,1706.97607,1620.531794,1901.092062
1395,1736.984339,1657.871629,1902.583951
1396,1715.756899,1723.088465,1880.589253
1397,1714.307636,1749.473577,1865.20149
1398,1730.420031,1819.038201,1805.866958
1399,1741.374754,1862.260339,1791.203826
1400,1704.034919,1883.530405,1732.593925
1401,1716.48153,1905.482477,1701.818399
1402,1700.369136,1964.092378,1662.262044
1403,1717.206162,1984.637812,1610.259077
1404,1668.144347,2009.531036,1576.542399
1405,1675.475912,2012.472187,1558.980742
1406,1676.925175,2032.250364,1523.814801
1407,1659.363518,2039.58193,1476.92688
1408,1632.978406,2038.814673,1438.095157
1409,1611.70834,2038.090042,1413.926565
1410,1606.593294,2040.306562,1394.873019
1411,1573.643873,1994.867904,1383.87567
1412,1552.373808,1978.755509,1379.485256
1413,1543.592979,1958.977332,1393.423756
1414,1551.649176,1912.814043,1421.258131
1415,1515.033972,1902.583951,1388.266085
1416,1506.210518,1842.482161,1405.145736
1417,1504.761255,1820.530089,1432.255479
1418,1476.202249,1788.262675,1482.041926
1419,1449.817137,1740.650122,1482.041926
1420,1463.755637,1710.641853,1526.031321
1421,1438.819788,1677.649807,1561.154636
1422,1406.594999,1617.590643,1575.817768
1423,1379.485256,1593.422051,1608.809814
1424,1352.375513,1589.756268,1658.596261
1425,1337.712381,1529.654479,1668.868978
1426,1330.423441,1501.095472,1693.762202
1427,1335.538486,1503.311992,1756.762517
1428,1324.541138,1481.317295,1755.313254
1429,1261.540822,1440.311677,1773.642168
1430,1282.768263,1398.538802,1798.535392
1431,1238.096862,1381.701776,1780.206477
1432,1246.153059,1375.094841,1794.869609
1433,1181.703481,1397.81417,1795.59424
1434,1201.481658,1353.867401,1758.254405
1435,1143.596389,1339.204269,1737.751596
1436,1119.427797,1339.204269,1712.815748
1437,1136.989454,1365.589381,1695.25409
1438,1121.601691,1350.92625,1679.866327
1439,1104.764665,1315.035677,1600.753617
1440,1087.160382,1316.48494,1569.253459
1441,1072.539876,1347.260467,1520.87365
1442,1025.651955,1348.70973,1481.317295
1443,1032.983521,1315.035677,1420.533499
1444,985.3709687,1353.100144,1352.375513
1445,1013.205344,1347.985098,1308.428743
1446,991.9352776,1342.145421,1291.591717
1447,968.4913172,1343.594684,1213.92827
1448,947.9885082,1332.597335,1171.430764
1449,989.7613831,1348.70973,1130.425146
1450,966.3174227,1372.15369,1100.374251
1451,994.876429,1378.760624,1070.323356
1452,966.3174227,1398.538802,1071.047988
1453,992.6599091,1396.322282,1041.76435
1454,1008.047672,1394.873019,1002.932626
1455,1014.654607,1418.316979,961.9270083
1456,1035.882047,1423.432025,975.0982515
1457,1108.430448,1430.763591,980.9379289
1458,1110.604343,1435.921262,953.8281856
1459,1166.315718,1399.263433,990.4860146
1460,1205.147441,1405.145736,1014.654607
1461,1257.150408,1434.429374,1037.373935
1462,1296.706763,1395.59765,1075.481027
1463,1339.204269,1388.266085,1073.989139
1464,1432.255479,1391.931868,1119.427797
1465,1500.370841,1403.653848,1170.706132
1466,1542.868347,1382.426407,1207.321336
1467,1642.483866,1345.811204,1232.981816
1468,1712.815748,1330.423441,1297.431394
1469,1812.473892,1345.811204,1301.821809
1470,1881.313885,1345.811204,1293.04098
1471,1967.758161,1306.97948,1284.260151
1472,2056.418956,1320.150723,1298.156026
1473,2101.090357,1275.479322,1297.431394
1474,2166.307193,1234.431079,1273.262803
1475,2236.639074,1244.703796,1236.647599
1476,2252.026837,1234.431079,1170.706132
1477,2299.639389,1213.92827,1128.933257
1478,2330.414915,1198.540507,1071.047988
1479,2337.746481,1143.596389,965.5501658
1480,2339.195744,1138.481343,931.1514821
1481,2326.749133,1161.925303,865.9346468
1482,2301.088652,1164.099198,791.9369826
1483,2268.139232,1168.489612,715.765424
1484,2202.922396,1163.374566,655.6636346
1485,2162.64141,1186.093895,596.3291021
1486,2085.702594,1242.487276,516.4917605
1487,2019.036496,1265.931237,479.8339315
1488,1957.528069,1271.046283,485.7162343
1489,1895.977016,1306.212223,425.6570703
1490,1795.59424,1331.872704,459.3311225
1491,1742.142011,1383.87567,442.4940964
1492,1649.090801,1378.035993,457.8818595
1493,1586.815117,1394.873019,498.162846
1494,1545.042242,1413.201933,560.4385299
1495,1445.426723,1428.589697,575.826293
1496,1422.707394,1472.536466,655.6636346
1497,1345.811204,1460.089854,714.2735356
1498,1306.97948,1438.819788,787.5465682
1499,1282.768263,1435.921262,849.0976207
1500,1263.757342,1453.48292,884.9881928
1501,1219.043316,1440.311677,992.6599091
1502,1198.540507,1383.151039,1066.657573
1503,1185.369264,1379.485256,1137.714086
1504,1173.647283,1317.209572,1180.936224
1505,1169.214244,1317.209572,1271.81354
1506,1161.925303,1254.933888,1315.035677
1507,1161.925303,1208.813224,1364.822124
1508,1151.652586,1164.099198,1468.870683
1509,1127.483994,1125.992106,1528.929847
1510,1125.267474,1076.205659,1584.598597
1511,1176.545809,1034.432784,1599.98636
1512,1158.25952,994.1517975,1667.419715
1513,1157.492263,929.6595937,1704.034919
1514,1196.323987,877.656627,1743.591274
1515,1175.821178,884.2635613,1772.917537
1516,1221.259836,852.7634036,1798.535392
1517,1197.815875,831.4933377,1832.252069
1518,1230.765296,819.0467259,1869.591905
1519,1258.599671,807.3247457,1893.035865
1520,1275.479322,817.5974629,1878.372733
1521,1257.875039,824.1617719,1914.305931
1522,1262.265454,835.1591206,1893.760497
1523,1276.203954,829.3194431,1893.035865
1524,1306.212223,851.2715152,1901.092062
1525,1328.931552,882.0470414,1897.426279
1526,1328.931552,937.715791,1871.083793
1527,1328.931552,979.4886659,1880.589253
1528,1388.266085,1005.149146,1844.698681
1529,1362.64823,1047.604027,1812.473892
1530,1413.926565,1103.315402,1781.698366
1531,1396.322282,1178.762329,1749.473577
1532,1444.702091,1224.925619,1722.363833
1533,1423.432025,1301.821809,1720.147313
1534,1435.921262,1354.592032,1660.812781
1535,1487.924229,1396.322282,1600.753617
